<?xml version="1.0"?>
<root>
    <toBuy>


        <label>rolki</label>
        <label>mandarynki</label>
    </toBuy>
    <bought>


        <label>kot</label>
        <date>Fri, 20 Jan 2023 14:47:31 GMT</date>
        <label>pilka</label>
        <date>Fri, 20 Jan 2023 14:47:32 GMT</date>
        <label>lalka</label>
        <date>Fri, 20 Jan 2023 14:47:33 GMT</date>
    </bought>
    <hint>
        <label>mandarynki</label>
        <label>lalka</label>
        <label>pilka</label>
        <label>woda</label>
        <label>rolki</label>
    </hint>
</root>